[
  {
    "guid": "2de81880-0e75-4081-bcb9-ba92cda8048f",
    "balance": 1809.89,
    "name": "Baird Dudley",
    "company": "DARWINIUM",
    "email": "bairddudley@darwinium.com",
    "currency": "USD",
    "phone": "+1 (803) 598-3980",
    "address": "622 Greenpoint Avenue, Stevens, Arkansas, 1640"
  },
  {
    "guid": "180510f3-b298-4553-b05d-f472171171b1",
    "balance": 1571.46,
    "name": "Andrea Erickson",
    "company": "COREPAN",
    "email": "andreaerickson@corepan.com",
    "currency": "USD",
    "phone": "+1 (871) 536-2582",
    "address": "559 Saratoga Avenue, Florence, Alabama, 6845"
  },
  {
    "guid": "6b249f65-ae25-4bb2-abfe-d383836fc400",
    "balance": 2170.1,
    "name": "Cynthia Galloway",
    "company": "GRONK",
    "email": "cynthiagalloway@gronk.com",
    "currency": "USD",
    "phone": "+1 (842) 495-2466",
    "address": "181 Argyle Road, Lowgap, Kentucky, 3751"
  },
  {
    "guid": "251dd965-f710-4b38-a45f-8318bad7419b",
    "balance": 2272.38,
    "name": "Kate Mullen",
    "company": "GEEKETRON",
    "email": "katemullen@geeketron.com",
    "currency": "USD",
    "phone": "+1 (837) 483-2133",
    "address": "729 Belvidere Street, Frank, New Mexico, 7100"
  },
  {
    "guid": "d8fa1dba-6622-4076-bd0f-a0c6596c8b10",
    "balance": 1997.25,
    "name": "Ferguson Glover",
    "company": "CONCILITY",
    "email": "fergusonglover@concility.com",
    "currency": "USD",
    "phone": "+1 (806) 461-2440",
    "address": "346 Everett Avenue, Delco, Pennsylvania, 737"
  },
  {
    "guid": "370623d5-67e5-4601-bd86-1457d8ffc275",
    "balance": 3729.92,
    "name": "Sampson Gilbert",
    "company": "KONGENE",
    "email": "sampsongilbert@kongene.com",
    "currency": "USD",
    "phone": "+1 (986) 514-3780",
    "address": "247 Hunts Lane, Harold, Marshall Islands, 1098"
  },
  {
    "guid": "040fe169-0928-45e4-8a9d-8421f7c33bdc",
    "balance": 1046.88,
    "name": "Louise Quinn",
    "company": "ISOSURE",
    "email": "louisequinn@isosure.com",
    "currency": "USD",
    "phone": "+1 (937) 461-3497",
    "address": "945 Loring Avenue, Matthews, South Carolina, 8734"
  },
  {
    "guid": "07566263-ccf0-4737-a241-a0ad5ca592f1",
    "balance": 2117.37,
    "name": "Hattie Crosby",
    "company": "RODEMCO",
    "email": "hattiecrosby@rodemco.com",
    "currency": "USD",
    "phone": "+1 (884) 572-2215",
    "address": "397 Nassau Avenue, Allison, Alaska, 5751"
  },
  {
    "guid": "715d274d-8ca9-40c2-9945-3fb64d831df9",
    "balance": 2737.81,
    "name": "Lindsey Livingston",
    "company": "AMTAS",
    "email": "lindseylivingston@amtas.com",
    "currency": "USD",
    "phone": "+1 (983) 509-3976",
    "address": "291 Coles Street, Zeba, Puerto Rico, 2353"
  },
  {
    "guid": "eb1cc471-d155-4106-ba16-780cc20eece3",
    "balance": 3682.68,
    "name": "Dora Owens",
    "company": "LOVEPAD",
    "email": "doraowens@lovepad.com",
    "currency": "USD",
    "phone": "+1 (948) 483-3015",
    "address": "370 Llama Court, Zortman, Louisiana, 3923"
  },
  {
    "guid": "c4efdb6c-114b-425f-acff-2f84c619a39e",
    "balance": 1437.2,
    "name": "Charity Mccullough",
    "company": "EXOSWITCH",
    "email": "charitymccullough@exoswitch.com",
    "currency": "USD",
    "phone": "+1 (877) 405-3315",
    "address": "714 Willoughby Avenue, Camino, Palau, 1608"
  },
  {
    "guid": "79e6b3b3-f2ea-424a-9cfe-255833704469",
    "balance": 3762.78,
    "name": "Barnett Gay",
    "company": "OPTICON",
    "email": "barnettgay@opticon.com",
    "currency": "USD",
    "phone": "+1 (962) 440-2458",
    "address": "314 Applegate Court, Gratton, New York, 7047"
  },
  {
    "guid": "6caf7da5-5867-4b59-9d5e-70050d339990",
    "balance": 1798.47,
    "name": "Carlson Gomez",
    "company": "AUSTECH",
    "email": "carlsongomez@austech.com",
    "currency": "USD",
    "phone": "+1 (948) 455-2979",
    "address": "637 Gates Avenue, Saticoy, South Dakota, 8351"
  },
  {
    "guid": "cc7aeb32-27b5-4c95-8a93-5c96c18e70cf",
    "balance": 3514.14,
    "name": "Wells Combs",
    "company": "TWIIST",
    "email": "wellscombs@twiist.com",
    "currency": "USD",
    "phone": "+1 (841) 473-3328",
    "address": "837 Cook Street, Genoa, Maryland, 5200"
  },
  {
    "guid": "3e9ace27-2df1-4470-a39b-b755cdd6a36b",
    "balance": 3059.41,
    "name": "Delia Ramirez",
    "company": "ENDIPIN",
    "email": "deliaramirez@endipin.com",
    "currency": "USD",
    "phone": "+1 (974) 516-2482",
    "address": "203 Kingston Avenue, Hayden, Nebraska, 4636"
  },
  {
    "guid": "e503c874-ac10-4012-bfe2-308f289cdbb0",
    "balance": 3871.89,
    "name": "Suzanne Merritt",
    "company": "LUNCHPOD",
    "email": "suzannemerritt@lunchpod.com",
    "currency": "USD",
    "phone": "+1 (912) 503-3921",
    "address": "802 Banner Avenue, Thornport, Florida, 8098"
  },
  {
    "guid": "a897d095-0f68-4155-869d-de516508f044",
    "balance": 2819.87,
    "name": "Consuelo Pittman",
    "company": "COMTOUR",
    "email": "consuelopittman@comtour.com",
    "currency": "USD",
    "phone": "+1 (933) 456-3102",
    "address": "336 Withers Street, Crisman, Virginia, 5337"
  },
  {
    "guid": "3f3702f1-29ba-4ba7-a463-bad000071a07",
    "balance": 1080.54,
    "name": "Tanisha Chen",
    "company": "COMDOM",
    "email": "tanishachen@comdom.com",
    "currency": "USD",
    "phone": "+1 (800) 567-2890",
    "address": "636 Anchorage Place, Valmy, Massachusetts, 3112"
  },
  {
    "guid": "b3bb934f-6b92-404a-8c95-3bdec945d7fa",
    "balance": 2739.56,
    "name": "Camille Benton",
    "company": "PARCOE",
    "email": "camillebenton@parcoe.com",
    "currency": "USD",
    "phone": "+1 (992) 592-2559",
    "address": "608 Bragg Court, Imperial, Indiana, 2498"
  },
  {
    "guid": "5cab0c66-d4ab-42fe-9066-942dcc97145b",
    "balance": 2215.53,
    "name": "Johanna Velazquez",
    "company": "ECSTASIA",
    "email": "johannavelazquez@ecstasia.com",
    "currency": "USD",
    "phone": "+1 (886) 441-3430",
    "address": "751 Quentin Road, Heil, American Samoa, 1805"
  },
  {
    "guid": "c6c652a3-6014-4cdd-b502-23bb083c072e",
    "balance": 3922.4,
    "name": "Sheryl Justice",
    "company": "KLUGGER",
    "email": "sheryljustice@klugger.com",
    "currency": "USD",
    "phone": "+1 (853) 530-2609",
    "address": "969 McClancy Place, Loomis, Vermont, 9449"
  }
]
